{
	"skin-name": "custom",
	"preview-bg": "#eeeeee",
	"text": "#333333",
	"text-inverse": "#ffffff",
	"text-disabled": "#aaaaaa",
	"has-gradients": false,
	"has-radius": false,
	"has-boxshadow": false,
	"has-button-borders": false,
	"btn-text": "#333333",
	"btn-text-shadow": "#ffffff",
	"btn-bg": "#ffffff",
	"btn-bg-hlight": "#d9d9d9",
	"btn-border-top": "rgba(255,0,0,0)",
	"btn-border-right": "transparent",
	"btn-border-bottom": "transparent",
	"btn-border-left": "transparent",
	"btn-split-border": "#bdbdbd",
	"btn-primary-text": "#ffffff",
	"btn-primary-text-shadow": "#333333",
	"btn-primary-bg": "#9fcd35",
	"btn-primary-bg-hlight": "#9fcd35",
	"btn-padding": "4px 8px",
	"menu-bg": "#ffffff",
	"menu-border": "rgba(0,0,0,0.2)",
	"menuitem-text": "#333333",
	"menuitem-bg-selected": "#9fcd35",
	"menuitem-bg-selected-hlight": "#9fcd35",
	"menuitem-separator-top": "#cbcbcb",
	"menuitem-separator-bottom": "#ffffff",
	"menuitem-text-inverse": "#ffffff",
	"menuitem-bg-active": "#9fcd35",
	"menuitem-text-active": "#333333",
	"menuitem-preview-border-active": "#aaaaaa",
	"menubar-menubtn-text": "",
	"checkbox-border": "#c5c5c5",
	"checkbox-border-focus": "#9fcd35",
	"panel-border": "#9e9e9e",
	"panel-bg": "#fdfdfd",
	"panel-bg-hlight": "#dddddd",
	"textbox-bg": "#ffffff",
	"textbox-border": "#c5c5c5",
	"textbox-border-focus": "#59a5e1",
	"window-bg": "#ffffff",
	"window-border": "#c4c4c4",
	"tab-bg": "#e3e3e3",
	"tab-bg-hover": "#fdfdfd",
	"tab-bg-active": "#fdfdfd",
	"tab-border": "#c5c5c5",
	"slider-bg": "#eeeeee",
	"slider-border": "#aaaaaa",
	"slider-handle-bg": "#dddddd",
	"slider-handle-border": "#bbbbbb",
	"colorbtn-backcolor-bg": "#bbbbbb",
	"grid-border": "#d6d6d6",
	"grid-border-active": "#a1a1a1"
}